{
    "tests": [
        {
            "description": "the solve method produces a valid solution.",
            "result": "E",
            "advice": "Try your code on the following example:\n9.1....8.8.5.7..4.2.4....6...7......5..............83.3..6......9................\n",
            "traceback": "Traceback (most recent call last):\n  File \"/home/grader/sudoku/workspace/solution.py\", line 184, in solve\n    values = search(values)\n  File \"/home/grader/sudoku/workspace/solution.py\", line 168, in search\n    attempt = search(new_sudoku)\n  File \"/home/grader/sudoku/workspace/solution.py\", line 159, in search\n    values = reduce_puzzle(values)\n  File \"/home/grader/sudoku/workspace/solution.py\", line 134, in reduce_puzzle\n    values = elimination(values)\n  File \"/home/grader/sudoku/workspace/solution.py\", line 107, in elimination\n    for peer in peers[box]:\nKeyError: 2\n",
            "rubric_item_id": "5530",
            "message": null
        },
        {
            "description": "the naked_twins method applies the 'naked twins' heuristic.",
            "result": "F",
            "advice": "Try the following example and see what happens:\n{\"I6\": \"12458\", \"A9\": \"1\", \"F9\": \"3579\", \"I4\": \"124578\", \"H2\": \"3589\", \"C3\": \"7\", \"G5\": \"13568\", \"H7\": \"25679\", \"D3\": \"3459\", \"F3\": \"34589\", \"F7\": \"14579\", \"C4\": \"1245689\", \"B1\": \"123456\", \"G2\": \"34589\", \"E8\": \"15\", \"F2\": \"12345789\", \"A1\": \"2345689\", \"C7\": \"2456\", \"H6\": \"23568\", \"E7\": \"159\", \"G1\": \"7\", \"B4\": \"1234567\", \"D8\": \"8\", \"E5\": \"4\", \"I8\": \"27\", \"H4\": \"235678\", \"G3\": \"2\", \"D4\": \"123569\", \"E2\": \"135689\", \"H3\": \"1\", \"I5\": \"9\", \"E6\": \"7\", \"G6\": \"134568\", \"C5\": \"12568\", \"I7\": \"3\", \"A6\": \"2345689\", \"D1\": \"1234569\", \"E4\": \"135689\", \"D2\": \"12345679\", \"A7\": \"24567\", \"B7\": \"8\", \"E9\": \"2\", \"D6\": \"123569\", \"H8\": \"27\", \"E1\": \"135689\", \"C6\": \"1245689\", \"H9\": \"4\", \"A3\": \"34589\", \"I9\": \"578\", \"D9\": \"3579\", \"G4\": \"134568\", \"B5\": \"123567\", \"H5\": \"235678\", \"F4\": \"123589\", \"A8\": \"4\", \"G7\": \"1569\", \"B2\": \"123456\", \"C9\": \"56\", \"B6\": \"123456\", \"F1\": \"1234589\", \"I1\": \"458\", \"F5\": \"12358\", \"C1\": \"1245689\", \"B9\": \"567\", \"G8\": \"15\", \"A2\": \"2345689\", \"C8\": \"3\", \"I3\": \"6\", \"A4\": \"23456789\", \"E3\": \"3589\", \"D7\": \"14579\", \"F8\": \"6\", \"H1\": \"3589\", \"F6\": \"123589\", \"B8\": \"9\", \"I2\": \"458\", \"B3\": \"345\", \"D5\": \"12356\", \"G9\": \"5689\", \"A5\": \"235678\", \"C2\": \"1245689\"}\nYour code produced the following result during testing: {\"A9\": \"1\", \"F9\": \"3579\", \"G5\": \"13568\", \"F3\": \"34589\", \"F7\": \"14579\", \"G7\": \"1569\", \"G2\": \"34589\", \"E8\": \"15\", \"F2\": \"12345789\", \"C7\": \"2456\", \"E6\": \"7\", \"B4\": \"1234567\", \"D8\": \"8\", \"E2\": \"135689\", \"I5\": \"9\", \"H6\": \"23568\", \"E5\": \"4\", \"I7\": \"3\", \"A6\": \"2345689\", \"E4\": \"135689\", \"D2\": \"12345679\", \"I4\": \"124578\", \"C6\": \"1245689\", \"D3\": \"3459\", \"A5\": \"235678\", \"B2\": \"123456\", \"C9\": \"56\", \"B6\": \"123456\", \"I1\": \"458\", \"F5\": \"12358\", \"C1\": \"1245689\", \"I3\": \"6\", \"A2\": \"2345689\", \"G9\": \"5689\", \"H1\": \"3589\", \"D7\": \"14579\", \"F8\": \"6\", \"F6\": \"123589\", \"G8\": \"15\", \"C4\": \"1245689\", \"E3\": \"3589\", \"C2\": \"1245689\", \"I6\": \"12458\", \"H2\": \"3589\", \"C3\": \"7\", \"E9\": \"2\", \"H7\": \"25679\", \"B1\": \"123456\", \"A1\": \"2345689\", \"E7\": \"159\", \"I8\": \"27\", \"H4\": \"235678\", \"G3\": \"2\", \"D4\": \"123569\", \"G6\": \"134568\", \"H3\": \"1\", \"D6\": \"123569\", \"D1\": \"1234569\", \"A7\": \"24567\", \"B7\": \"8\", \"H8\": \"27\", \"E1\": \"135689\", \"H9\": \"4\", \"A3\": \"34589\", \"I9\": \"578\", \"D9\": \"3579\", \"G4\": \"134568\", \"H5\": \"235678\", \"F4\": \"123589\", \"A8\": \"4\", \"G1\": \"7\", \"F1\": \"1234589\", \"B5\": \"123567\", \"B3\": \"345\", \"B9\": \"567\", \"C8\": \"3\", \"A4\": \"23456789\", \"C5\": \"12568\", \"B8\": \"9\", \"I2\": \"458\", \"D5\": \"12356\"}",
            "traceback": "AssertionError: False is not true : Your naked_twins function missed a set of naked_twins.\n",
            "rubric_item_id": "5531",
            "message": "Your naked_twins function missed a set of naked_twins."
        },
        {
            "description": "the README has been modified.",
            "result": ".",
            "advice": null,
            "traceback": "",
            "rubric_item_id": null,
            "message": null
        }
    ]
}